"country","decision_year","K_mean","K_p05","K_p95","t0_mean","t0_p05","t0_p95","s_mean","s_p05","s_p95","p_mean","p_p05","p_p95","head_mean","head_p05","head_p95","rel_mean","rel_p05","rel_p95","dpdt_mean","dpdt_p05","dpdt_p95","d2pdt2_mean","d2pdt2_p05","d2pdt2_p95","t0_year_mean","years_since_t0_2026","accel_status_2026","room_abs","room_rel","r_growth","r_head","r_room","leverage_head","leverage_rel","leverage","phase","phase_priority"
"Burkina Faso",2026,0.884530673842804,0.796300454544225,0.960552845344961,31.1915317337825,29.4083746750834,32.6372131743007,13.006980724418,13.006980724418,13.006980724418,0.354586958449312,0.344812707202394,0.363184271555603,0.529943715393492,0.451203784237741,0.599742098163553,0.401616902430454,0.375127690150995,0.434861816517286,0.0163168085494439,0.0150369357643822,0.0173430426598848,0.000248222246427463,0.000150514722851413,0.000332209243786284,2031,-5.19153173378254,"Accelerating",0.529943715393492,0.598383097569546,1,0.983870967741935,0.951612903225806,0.983870967741935,0.951612903225806,0.964516129032258,"Scale-up",1
"Cambodia",2026,0.937858502722613,0.884204561925249,0.973639358959765,33.8581174761965,32.3103006892269,34.8170232920174,19.0861504324915,19.0861504324915,19.0861504324915,0.373573380313239,0.36781861900003,0.378725057429799,0.564285122409374,0.514551241888164,0.596848182024586,0.398528062985166,0.386521143897749,0.418089295591651,0.0117733150639118,0.0112686962475612,0.0121103562141929,0.000125368697695211,9.69569249398089e-05,0.000143494626432703,2034,-7.85811747619664,"Accelerating",0.564285122409374,0.601471937014834,0.951612903225806,1,0.967741935483871,0.951612903225806,0.920915712799168,0.933194588969823,"Scale-up",1
"Sierra Leone",2026,0.819623666086235,0.683364351925494,0.943796247067357,29.6374250509953,26.4537782894137,32.1577323528799,13.006980724418,13.006980724418,13.006980724418,0.351077519272969,0.334710850194396,0.364336577013524,0.468546146813266,0.347584047669428,0.581877859177652,0.430757542241612,0.383807686018833,0.491279062389319,0.0153799682683273,0.0131289246462754,0.0171871826344019,0.000168478464399974,1.77283685030428e-05,0.000306871087178349,2030,-3.63742505099526,"Accelerating",0.468546146813266,0.569242457758388,0.983870967741935,0.967741935483871,0.935483870967742,0.95213319458897,0.920395421436004,0.933090530697191,"Scale-up",1
"Niger",2026,0.613821143139582,0.484251465866286,0.682597539934292,33.5805865687678,30.0968790227431,34.9471049400645,13.006980724418,13.006980724418,13.006980724418,0.21892235503363,0.203084532623371,0.230748365204337,0.394898788105952,0.281226136113637,0.452801155422511,0.358595381741812,0.334507187672879,0.421900765814597,0.0108050477421606,0.0090765049074097,0.0117251889897981,0.000237273348212569,0.00010951271046273,0.000294711901622409,2034,-7.58058656876779,"Accelerating",0.394898788105952,0.641404618258188,0.935483870967742,0.935483870967742,0.983870967741935,0.875130072840791,0.920395421436004,0.902289281997919,"Scale-up",1
"Bolivia",2026,0.893813477255318,0.781184249057987,0.977736050738132,22.747457521758,19.8174982286939,24.708680750775,16.3978735647939,16.3978735647939,16.3978735647939,0.489988451007451,0.462119351245439,0.509431390132334,0.403825026247866,0.317488937207585,0.469184970900126,0.549342362320058,0.51967712950051,0.593156744849621,0.0134804115957268,0.0115069696484955,0.0148797781296106,-7.89812966588653e-05,-0.000130225280057778,-3.56241706580989e-05,2023,3.25254247824205,"Decelerating",0.403825026247866,0.450657637679942,0.967741935483871,0.951612903225806,0.887096774193548,0.920915712799168,0.858480749219563,0.883454734651405,"Scale-up",1
"Gambia",2026,0.469038491724904,0.404150927164773,0.506481839646029,34.0404708719277,31.6266722177999,34.9562017361014,13.006980724418,13.006980724418,13.006980724418,0.163945286307124,0.156413988249979,0.171170770827973,0.30509320541778,0.245296735259011,0.33589184990773,0.350352133024519,0.334351515673739,0.393508355889832,0.00819038078706796,0.0073964183671628,0.008695844841598,0.000189142902387083,0.000121592509416793,0.000218886101468802,2034,-8.04047087192771,"Accelerating",0.30509320541778,0.649647866975481,0.870967741935484,0.919354838709677,1,0.800728407908429,0.870967741935484,0.842872008324662,"Scale-up",1
"Mali",2026,0.356354754363702,0.32365255253492,0.393739253104679,22.7573357076643,20.778238865647,24.7724962118167,13.006980724418,13.006980724418,13.006980724418,0.199903846742439,0.192939098468729,0.207196582006803,0.156450907621263,0.130031341468304,0.18720867584153,0.561912787150471,0.523575678078301,0.599037995994752,0.0067373350007403,0.0059795476322626,0.00755146574156472,-6.29739715418776e-05,-9.09682259420146e-05,-2.73564266492276e-05,2023,3.2426642923358,"Decelerating",0.156450907621263,0.438087212849529,0.854838709677419,0.838709677419355,0.870967741935484,0.716961498439126,0.744536940686785,0.733506763787721,"Scale-up",1
"Togo",2026,0.395924455365838,0.323739693821268,0.49681321141938,16.6916937187534,12.6915602050874,21.1596995792752,13.006980724418,13.006980724418,13.006980724418,0.263966844789618,0.237012603833706,0.295480236065436,0.13195761057622,0.0856102892830763,0.202101393475972,0.670656589349885,0.59197379661894,0.735590922104117,0.00672221149047447,0.00483806718802383,0.00922182201630585,-0.000170281938714352,-0.000184078396976979,-0.000129718271531197,2017,9.30830628124659,"Decelerating",0.13195761057622,0.329343410650115,0.838709677419355,0.82258064516129,0.82258064516129,0.689906347554631,0.689906347554631,0.689906347554631,"Scale-up",1
"Senegal",2026,0.341045309340814,0.318711250380415,0.36511580041467,18.6895857799135,17.1168384583421,20.2208212554867,13.006980724418,13.006980724418,13.006980724418,0.217015514053292,0.211204759156995,0.222933503734191,0.124029795287522,0.10686924671513,0.142522889357276,0.63680615146001,0.609286399652916,0.664397543202662,0.00606253996243052,0.00546338292016807,0.00667890690695434,-0.000126863122613956,-0.000138371534920334,-0.000112043438632947,2019,7.31041422008661,"Decelerating",0.124029795287522,0.36319384853999,0.806451612903226,0.790322580645161,0.854838709677419,0.63735691987513,0.689386056191467,0.668574401664932,"Scale-up",1
"Nicaragua",2026,0.890334760309278,0.754188687969245,0.977188896992018,1.63215111200137,-3.82591107158268,4.60712821455438,16.3978735647939,16.3978735647939,16.3978735647939,0.724102650741738,0.648646331783776,0.770052473890693,0.166232109567539,0.105358632924698,0.208266167445148,0.814608848832224,0.786610245532109,0.860432756431299,0.00822500356002933,0.00552654867646835,0.00999244854170608,-0.000312744316100518,-0.000349623746440636,-0.000242852565720754,2002,24.3678488879987,"Decelerating",0.166232109567539,0.185391151167776,0.887096774193548,0.854838709677419,0.645161290322581,0.758324661810614,0.572320499479709,0.646722164412071,"Scale-up",1
"Rwanda",2026,0.543600151978824,0.520600029891327,0.567959772796269,14.2843638809134,13.6898696813568,14.8815570549299,7.23239055102267,7.23239055102267,7.23239055102267,0.453675014529777,0.439950419489894,0.468000235344887,0.0899251374490469,0.080367193591371,0.100282129641312,0.834698144660627,0.82307367285022,0.845806614578824,0.0103743082936092,0.00939871978132477,0.0114135649249548,-0.000959378338803797,-0.00102086866628593,-0.000898151670815878,2014,11.7156361190866,"Decelerating",0.0899251374490469,0.165301855339373,0.919354838709677,0.693548387096774,0.612903225806452,0.637617065556712,0.563475546305931,0.593132154006244,"Scale-up",1
"Liberia",2026,0.379816393168445,0.339877851452768,0.426948183039366,11.6632826683976,8.66838548633043,14.7627381154892,13.006980724418,13.006980724418,13.006980724418,0.284374438099574,0.268673057904931,0.301631412569023,0.0954419550688708,0.0712287959958094,0.126349122609852,0.75000428663032,0.703483351118666,0.791251484620173,0.00547884330499082,0.00432995280242065,0.00683562824927196,-0.000208392685151141,-0.000217693857172937,-0.00019314755020688,2012,14.3367173316024,"Decelerating",0.0954419550688708,0.24999571336968,0.774193548387097,0.725806451612903,0.758064516129032,0.561914672216441,0.586888657648283,0.576899063475546,"Scale-up",1
"Ethiopia",2026,0.440127833324103,0.418104587778147,0.463331945542605,14.1082047384789,13.4182605016283,14.8172192434893,7.23239055102267,7.23239055102267,7.23239055102267,0.368750556717464,0.355239625225129,0.38249445576334,0.0713772766066381,0.0625368828266786,0.0812900616190374,0.837998004859909,0.824365386830737,0.850641044911699,0.0082658199036239,0.00735476486339774,0.00927145612530814,-0.000771676705541964,-0.000831586565357485,-0.000713771019838025,2014,11.8917952615211,"Decelerating",0.0713772766066381,0.162001995140091,0.903225806451613,0.645161290322581,0.596774193548387,0.582726326742976,0.539021852237253,0.556503642039542,"Scale-up",1
"Brazil",2026,0.950655324352702,0.891251957447416,0.989226664288712,-5.08750697198993,-7.12060591742958,-3.76113777090689,16.3978735647939,16.3978735647939,16.3978735647939,0.826254372152486,0.786374294505864,0.851482749339839,0.124400952200215,0.104643268612842,0.138288804753223,0.869298549812515,0.859957720071587,0.882861467883806,0.00659162915488568,0.00562938746263033,0.00725229290235815,-0.000296591469527331,-0.000318395647389559,-0.000262839637549182,1995,31.08750697199,"Decelerating",0.124400952200215,0.130701450187485,0.82258064516129,0.806451612903226,0.532258064516129,0.663371488033299,0.437825182101977,0.528043704474506,"Build / monitor",2
"Colombia",2026,0.804281244852004,0.790279245643879,0.818526190810383,-3.91473322178047,-4.7891137100258,-3.04350679293379,16.3978735647939,16.3978735647939,16.3978735647939,0.692504164902675,0.685191516813931,0.69982278332652,0.111777079949329,0.104847765565619,0.118953279012041,0.86105040292555,0.854603756282823,0.867338486272627,0.00586869731558686,0.0055455629706335,0.00620000550475868,-0.000258370182223567,-0.000268199821374139,-0.000248458981252884,1996,29.9147332217806,"Decelerating",0.111777079949329,0.13894959707445,0.790322580645161,0.758064516129032,0.564516129032258,0.599115504682622,0.446149843912591,0.507336108220603,"Build / monitor",2
"Kazakhstan",2026,0.707744558264822,0.557108482655205,0.937897130415806,-8.47715840540379,-33.6350760668553,20.230628165776,50,50,50,0.459819326372139,0.424778723212899,0.499202752886446,0.247925231892684,0.130274233977914,0.441029108596444,0.661770314172217,0.5288148955084,0.76722388095644,0.00314148966809888,0.00199785656208801,0.0046735950047944,-1.78415023801406e-05,-2.22294055929017e-05,-5.42021591967203e-06,1992,34.4771584054038,"Decelerating",0.247925231892684,0.338229685827783,0.580645161290323,0.903225806451613,0.838709677419355,0.524453694068678,0.486992715920916,0.501977107180021,"Build / monitor",2
"Honduras",2026,0.628752587579899,0.568428924918697,0.699823803973966,-1.78840261854915,-6.79332369859738,3.02287090002994,16.3978735647939,16.3978735647939,16.3978735647939,0.529889545010909,0.500283671700071,0.562386258368129,0.0988630425689905,0.0676939122486012,0.138108806882105,0.843810757769076,0.802378386421235,0.880781558531547,0.0050658341160201,0.00363413419346672,0.00675943433271528,-0.000210520754309175,-0.0002495850582693,-0.000168778504565125,1998,27.7884026185491,"Decelerating",0.0988630425689905,0.156189242230924,0.758064516129032,0.741935483870968,0.580645161290323,0.562434963579605,0.440166493236212,0.489073881373569,"Build / monitor",2
"Haiti",2026,0.363445849234777,0.335953640722796,0.394653264377234,6.80841615013551,3.97870011892122,9.61498771399148,16.3978735647939,16.3978735647939,16.3978735647939,0.277013512487999,0.265904274550931,0.288850714167994,0.0864323367467771,0.0696809950705904,0.106202508932812,0.762838005918937,0.73090434203423,0.792972402435726,0.00401169585761529,0.00336754105394327,0.00473053992927308,-0.00012792044203468,-0.000133622526475855,-0.000120159838433042,2007,19.1915838498644,"Decelerating",0.0864323367467771,0.237161994081063,0.693548387096774,0.661290322580645,0.725806451612903,0.458636836628512,0.503381893860562,0.485483870967742,"Build / monitor",2
"Guatemala",2026,0.468211614593908,0.447437848758289,0.490167639276155,1.93954171341088,0.19254079719306,3.71741882612994,16.3978735647939,16.3978735647939,16.3978735647939,0.38033687620842,0.369957050158406,0.390726604104666,0.087874738385488,0.0768873759705093,0.100125192832499,0.812501443497721,0.795576008693612,0.828328866444634,0.0043511372019919,0.00388348781727662,0.004855451317996,-0.000165593329098497,-0.000175191248500722,-0.000155432904836088,2002,24.0604582865892,"Decelerating",0.087874738385488,0.187498556502279,0.725806451612903,0.67741935483871,0.661290322580645,0.491675338189386,0.47996878251821,0.484651404786681,"Build / monitor",2
"Benin",2026,0.213962206898084,0.185533015865938,0.249787461032777,15.1371358869137,11.9127786804438,18.5034834496277,13.006980724418,13.006980724418,13.006980724418,0.1486430770775,0.138358473784497,0.160231613109191,0.065319129820584,0.0470400209593826,0.089711234212122,0.696757764945986,0.640226103961312,0.747070890961338,0.00347630679931969,0.00270094613270561,0.00441299379227875,-0.000103349852286531,-0.000107384263091677,-9.49640218522024e-05,2015,10.8628641130863,"Decelerating",0.065319129820584,0.303242235054014,0.629032258064516,0.612903225806452,0.806451612903226,0.385535900104058,0.507284079084287,0.458584807492196,"Build / monitor",2
"Tajikistan",2026,0.417462757693693,0.315193700267161,0.471060820936296,22.8539823509273,-6.3228421910664,34.2902301077318,50,50,50,0.212964593736981,0.206510536926594,0.218630965682418,0.204498163956712,0.108956271533977,0.254305308816722,0.515205686347457,0.458643550830411,0.656211576891575,0.00206682542795629,0.00142796014522002,0.00234101356728163,-7.58461179744847e-07,-8.93729768285753e-06,3.84897057196324e-06,2023,3.14601764907275,"Near peak / uncertain",0.204498163956712,0.484794313652543,0.5,0.887096774193548,0.903225806451613,0.443548387096774,0.451612903225806,0.448387096774194,"Build / monitor",2
"Cote d'Ivoire",2026,0.269058087099917,0.250608924206134,0.289416399072344,9.94185913117134,7.7989268652409,12.1116707587775,13.006980724418,13.006980724418,13.006980724418,0.208186434601377,0.200173043967628,0.21636957409149,0.0608716524985407,0.0497874528130993,0.073831726831689,0.774272874603696,0.744170630570503,0.802077728730654,0.00361653990256557,0.00307093875253904,0.00422298518138302,-0.000151850693342403,-0.000159639805575934,-0.0001422027918308,2010,16.0581408688286,"Decelerating",0.0608716524985407,0.225727125396304,0.661290322580645,0.580645161290323,0.67741935483871,0.383975026014568,0.447970863683663,0.422372528616025,"Build / monitor",2
"Armenia",2026,0.377251333934605,0.297522434916296,0.420413717297045,25.7495340636642,4.26636640208731,34.4394438497071,50,50,50,0.187798967029479,0.179610933163179,0.194557823483946,0.189452366905126,0.116863639029713,0.226959899435086,0.501100792698439,0.45790267828117,0.606988905597655,0.00187590778246137,0.00142069769703374,0.00208905974147697,1.88352714627663e-07,-6.09347827742627e-06,3.47766559700729e-06,2026,0.250465936335786,"Near peak / uncertain",0.189452366905126,0.498899207301561,0.435483870967742,0.870967741935484,0.919354838709677,0.379292403746098,0.400364203954214,0.391935483870968,"Build / monitor",2
"Guinea",2026,0.184470081546821,0.156421052674113,0.220730733460852,13.5248235282535,9.41860240178848,17.7327599151944,13.006980724418,13.006980724418,13.006980724418,0.132603347140601,0.1215311246418,0.144790658874551,0.0518667344062205,0.0341143486980647,0.0764825650153079,0.721748481393949,0.653758213058717,0.781564615169042,0.00285051550504473,0.00205126865782487,0.00384053476049148,-9.48724128555409e-05,-9.95848486743136e-05,-8.71950815995819e-05,2014,12.4751764717464,"Decelerating",0.0518667344062205,0.278251518606051,0.564516129032258,0.532258064516129,0.790322580645161,0.300468262226847,0.446149843912591,0.387877211238293,"Build / monitor",2
"Timor-Leste",2026,0.237119192402088,0.174070219606325,0.336557985194834,4.41670990511058,-13.371756314971,19.211153070738,19.0861504324915,19.0861504324915,19.0861504324915,0.174274646398034,0.153990420925431,0.197433366667529,0.0628445460040541,0.0195524296501405,0.13829033398746,0.747771120306945,0.587997899424039,0.887239040045814,0.00234488928653898,0.000910169351080276,0.00426296760313161,-5.42376437284985e-05,-6.14313018783976e-05,-3.07393952383316e-05,2004,21.5832900948894,"Decelerating",0.0628445460040541,0.252228879693055,0.532258064516129,0.596774193548387,0.774193548387097,0.317637877211238,0.41207075962539,0.374297606659729,"Build / monitor",2
"Dominican Republic",2026,0.695675893749285,0.678339482825162,0.713602337709044,-9.92653283995906,-11.2031025997965,-8.65922637048006,16.3978735647939,16.3978735647939,16.3978735647939,0.625643314931406,0.614671519119296,0.636928757742619,0.0700325788178786,0.063553493271674,0.0768244661556509,0.899375230817685,0.892222008970735,0.906257858202006,0.00384035095671925,0.00351229978806657,0.00418023528816281,-0.000186992434263516,-0.000200026109511279,-0.000174040393966102,1990,35.926532839959,"Decelerating",0.0700325788178786,0.100624769182315,0.67741935483871,0.629032258064516,0.483870967741935,0.426118626430801,0.327783558792924,0.367117585848075,"Build / monitor",2
"Ghana",2026,0.29535843606745,0.281374779990167,0.30993443347475,5.9004804023157,4.34531914179857,7.41691317485331,13.006980724418,13.006980724418,13.006980724418,0.243334920803386,0.236004380751056,0.250911366128627,0.052023515264064,0.0450269048205036,0.0597440940760083,0.824059574870417,0.806698841279659,0.840888076559384,0.00329341785114794,0.00291104558091951,0.00370676618699199,-0.000163832189155368,-0.000175037618166076,-0.000152146070411524,2006,20.0995195976843,"Decelerating",0.052023515264064,0.175940425129583,0.612903225806452,0.548387096774194,0.629032258064516,0.336108220603538,0.385535900104058,0.36576482830385,"Build / monitor",2
"Malawi",2026,0.567611911336274,0.559622388294962,0.575472461476259,6.09028064562107,5.74935617136092,6.42715746037472,7.23239055102267,7.23239055102267,7.23239055102267,0.533585250390154,0.527237676883507,0.539875201485187,0.0340266609461202,0.0321370772223599,0.0359309446794394,0.940060670073825,0.937395942447893,0.942675452651062,0.00442258593204547,0.00418867712249223,0.00465653214264595,-0.000538148755802314,-0.000563384753905007,-0.000512687244157292,2006,19.9097193543789,"Decelerating",0.0340266609461202,0.0599393299261755,0.741935483870968,0.5,0.435483870967742,0.370967741935484,0.323100936524454,0.342247658688866,"Build / monitor",2
"Turkey",2026,0.528736743154646,0.521110400129393,0.537667068007695,-33.2157008533702,-33.9658714673784,-31.2473106251805,50,50,50,0.404853545690874,0.399643088206823,0.410179467210896,0.123883197463773,0.121048928874264,0.129310467293872,0.765712011935652,0.758586611744638,0.7684033357195,0.00189706885588927,0.00185928959353176,0.00196310701167483,-2.01603901469229e-05,-2.04396787486211e-05,-1.98954318128658e-05,1967,59.2157008533702,"Decelerating",0.123883197463773,0.234287988064348,0.467741935483871,0.774193548387097,0.693548387096774,0.362122788761707,0.324401664932362,0.3394901144641,"Build / monitor",2
"Peru",2026,0.483025873222159,0.471480342869683,0.49459059153324,-6.06453918051095,-7.22120981056204,-4.90813704372044,16.3978735647939,16.3978735647939,16.3978735647939,0.423100253553137,0.416429257742687,0.429620502491598,0.0599256196690221,0.0549455216167446,0.0652203851913516,0.875983069291441,0.868171437960806,0.883494461514466,0.00320064567821097,0.00296016334272488,0.0034530983922009,-0.000146715039185688,-0.000155078639227438,-0.000138447148861887,1994,32.064539180511,"Decelerating",0.0599256196690221,0.124016930708559,0.596774193548387,0.564516129032258,0.516129032258065,0.336888657648283,0.308012486992716,0.319562955254943,"Build / monitor",2
"Lesotho",2026,0.588740302673502,0.574208200320305,0.603699280662652,5.14251315276178,4.52235403367811,5.76205029685308,7.23239055102267,7.23239055102267,7.23239055102267,0.557524933521979,0.545657809402577,0.569514627576499,0.0312153691515221,0.0281713950313204,0.0345816189504283,0.947002328778823,0.942580531856882,0.951183882686734,0.00408682288066791,0.00370502050567484,0.00450601526098404,-0.000505055171069048,-0.000551390113930394,-0.000462099804737544,2005,20.8574868472383,"Decelerating",0.0312153691515221,0.0529976712211768,0.709677419354839,0.467741935483871,0.419354838709677,0.331945889698231,0.297606659729448,0.311342351716962,"Build / monitor",2
"Madagascar",2026,0.397858342573024,0.387788980739763,0.407740318471862,7.12988626238313,6.6399560166847,7.59621794197258,7.23239055102267,7.23239055102267,7.23239055102267,0.37056223178042,0.362502092528777,0.37844000125899,0.0272961107926045,0.0250469231822412,0.0295865558888455,0.931414273250858,0.927212148689896,0.935646877031161,0.00351495683241048,0.00324083568341928,0.00379343944970495,-0.000419254193485017,-0.000448118888121924,-0.000390266716171915,2007,18.870113737617,"Decelerating",0.0272961107926045,0.068585726749142,0.645161290322581,0.451612903225806,0.451612903225806,0.291363163371488,0.291363163371488,0.291363163371488,"Build / monitor",2
"Kyrgyz Republic",2026,0.38570964998557,0.373646158215065,0.399233191569279,-32.8080751951508,-33.9577685436816,-29.5777196517244,50,50,50,0.294757119557558,0.286149608026318,0.303703633397753,0.0909525304280119,0.0870412285120433,0.0980884154888084,0.764228722282162,0.752418784765162,0.768374494595857,0.00138995252461539,0.00133540854043891,0.00147663759391505,-1.46854746704128e-05,-1.5139792583046e-05,-1.42524768741539e-05,1967,58.8080751951509,"Decelerating",0.0909525304280119,0.235771277717838,0.387096774193548,0.709677419354839,0.709677419354839,0.27471383975026,0.27471383975026,0.27471383975026,"Build / monitor",2
"Philippines",2026,0.303693701927694,0.295022721259779,0.312707117845993,-9.03644217773241,-11.0973489406646,-7.10792512997416,19.0861504324915,19.0861504324915,19.0861504324915,0.261853926550561,0.257537148957651,0.266246784788607,0.0418397753771327,0.0369825782686904,0.0467895034286204,0.862317883768935,0.850007137312271,0.874755758922408,0.00188951008184603,0.00169507814321801,0.00208466422059129,-7.16729655573506e-05,-7.65648400029258e-05,-6.65658375632813e-05,1991,35.0364421777324,"Decelerating",0.0418397753771327,0.137682116231065,0.451612903225806,0.516129032258065,0.548387096774194,0.23309053069719,0.247658688865765,0.241831425598335,"Build / monitor",2
"Burundi",2026,0.194933208869999,0.178123611673075,0.215132088777068,8.04391620657236,5.91077640075991,10.0873560180145,7.23239055102267,7.23239055102267,7.23239055102267,0.179689009231154,0.167389308934736,0.194011384542778,0.0152441996388445,0.0104388646360233,0.0213206158232771,0.922275816211655,0.900266703431818,0.941457380725743,0.00193991888047529,0.0013598750481938,0.00265453988897049,-0.000225573844231505,-0.000294014535075777,-0.000165966590410838,2008,17.9560837934275,"Decelerating",0.0152441996388445,0.0777241837883452,0.483870967741935,0.354838709677419,0.467741935483871,0.171696149843913,0.226326742976067,0.204474505723205,"Build / monitor",2
"Congo",2026,0.353148396450119,0.31190122818197,0.402329227541705,7.78019701695322,6.1002260443018,9.44881649319777,5.89839714361468,5.89839714361468,5.89839714361468,0.337485740043589,0.301429330758181,0.379664553425161,0.0156626564065301,0.0103696498225786,0.0228630178172062,0.956035335023653,0.94300175467534,0.966874316433999,0.00253537243697577,0.00169966021410432,0.00365808648489917,-0.00039101456115847,-0.000549426397201954,-0.000269018843942347,2008,18.2198029830467,"Decelerating",0.0156626564065301,0.0439646649763467,0.548387096774194,0.370967741935484,0.370967741935484,0.203433922996878,0.203433922996878,0.203433922996878,"Build / monitor",2
"Zambia",2026,0.397872021996217,0.39127038064133,0.40473359340959,2.96326072907773,2.49793843692304,3.41145613606434,7.23239055102267,7.23239055102267,7.23239055102267,0.382055993748573,0.376286350799738,0.388013166942205,0.0158160282476442,0.01467469087707,0.0169985283956785,0.960256164774517,0.957841550657726,0.962657171985471,0.00209982045807019,0.00195338553414452,0.00225107715355267,-0.000267232082129011,-0.000285007271659346,-0.000249906485515965,2003,23.0367392709222,"Decelerating",0.0158160282476442,0.0397438352254829,0.516129032258065,0.387096774193548,0.338709677419355,0.199791883454735,0.174817898022893,0.18480749219563,"Build / monitor",2
"Vietnam",2026,0.676366281585349,0.653955865414158,0.726098523226053,-31.2374043576163,-33.9154862633236,-24.0552631357939,19.0861504324915,19.0861504324915,19.0861504324915,0.643839852754311,0.626110470051974,0.67762682193421,0.0325264288310383,0.0273233175083012,0.0489344355400146,0.952097269696294,0.93230174195815,0.958481562570206,0.00162035313455141,0.00137204022945429,0.0023923142789834,-7.6556101080204e-05,-0.00010841803455087,-6.59068960053061e-05,1969,57.2374043576162,"Decelerating",0.0325264288310383,0.0479027303037063,0.419354838709677,0.483870967741935,0.403225806451613,0.202913631633715,0.169094693028096,0.182622268470343,"Build / monitor",2
"Nigeria",2026,0.144556741424995,0.140007153726736,0.149202707364598,-1.21793913840418,-2.92073234293034,0.400910190350321,13.006980724418,13.006980724418,13.006980724418,0.128643375630398,0.126014562155311,0.13123742269253,0.0159133657945975,0.013706373838059,0.0182785822756789,0.890013038109072,0.87740731013031,0.902338098891503,0.00108830490070893,0.000950755355104632,0.0012326227217187,-6.51939416062385e-05,-7.15753661881256e-05,-5.8841195561597e-05,1999,27.2179391384043,"Decelerating",0.0159133657945975,0.109986961890928,0.354838709677419,0.403225806451613,0.5,0.143080124869927,0.17741935483871,0.163683662851197,"Build / monitor",2
"Indonesia",2026,0.535133018720373,0.532892074500696,0.537384370086742,-33.9677966031913,-33.9967879622528,-33.907151506715,19.0861504324915,19.0861504324915,19.0861504324915,0.512973403926937,0.510846387714191,0.515134936143852,0.0221596147934353,0.0220539976063572,0.0222743597345131,0.958590463329125,0.958464181108986,0.958650746082218,0.00111295328714137,0.0011076853406103,0.00111866664656141,-5.34827272345321e-05,-5.37494323681552e-05,-5.32330504001743e-05,1966,59.9677966031913,"Decelerating",0.0221596147934353,0.0414095366708753,0.370967741935484,0.435483870967742,0.354838709677419,0.161550468262227,0.131633714880333,0.143600416233091,"Build / monitor",2
"Uganda",2026,0.301948951773048,0.292776611424762,0.311394013751452,2.65872656977009,1.97653195647746,3.33963945544105,7.23239055102267,7.23239055102267,7.23239055102267,0.290411094254987,0.282349918477237,0.298573991070889,0.0115378575180612,0.0102555755017465,0.0129812695774258,0.961811249992606,0.958240711790765,0.965164101503728,0.00153421670403831,0.00136868742076261,0.00171972577035784,-0.00019588700036444,-0.000217873435950218,-0.000176058855409196,2003,23.3412734302299,"Decelerating",0.0115378575180612,0.0381887500073935,0.403225806451613,0.338709677419355,0.32258064516129,0.136576482830385,0.130072840790843,0.13267429760666,"Build / monitor",2
"Albania",2026,0.0694332568407914,0.0644857656105198,0.0756654410414524,-30.6257377803624,-33.9062795580625,-20.1875415004314,50,50,50,0.0524671169626195,0.0491589234712372,0.0559498795886551,0.016966139878172,0.0151310997043288,0.0212532384869971,0.756025460358396,0.715805744274824,0.768191168768059,0.00025607414966808,0.000231832645316033,0.000304201087123807,-2.61235504828514e-06,-2.78756971012091e-06,-2.44285608169159e-06,1969,56.6257377803624,"Decelerating",0.016966139878172,0.243974539641604,0.161290322580645,0.419354838709677,0.741935483870968,0.0676378772112383,0.119667013527575,0.0988553590010406,"Build / monitor",2
"Tanzania",2026,0.283327700066551,0.277337651906011,0.289411501452715,-0.428341284035115,-0.963847712582894,0.107611450105854,7.23239055102267,7.23239055102267,7.23239055102267,0.276172469700924,0.270668894626236,0.281698817449299,0.0071552303656265,0.00653420243343599,0.00781795385274249,0.974752883184215,0.972881852796526,0.976528266072622,0.000964311874629547,0.000882351678225508,0.00105169810811382,-0.000126588879152861,-0.000137561090934229,-0.000116272116954491,2000,26.428341284035,"Decelerating",0.0071552303656265,0.025247116815785,0.32258064516129,0.32258064516129,0.274193548387097,0.104058272632674,0.0884495317377731,0.0946930280957336,"Build / monitor",2
"Namibia",2026,0.544428022037765,0.533019517377524,0.556044337201533,-5.24586156255129,-5.90802929693842,-4.5842996210002,7.23239055102267,7.23239055102267,7.23239055102267,0.537273913341357,0.526542791616216,0.548347717297603,0.00715410869640776,0.00640427913262355,0.00795542844405988,0.986864604898514,0.985639302903007,0.988012410121265,0.000976150618112324,0.000874971852376122,0.001084134829589,-0.000131414804876183,-0.000145572667402941,-0.000118086498557165,1995,31.2458615625512,"Decelerating",0.00715410869640776,0.013135395101486,0.338709677419355,0.306451612903226,0.209677419354839,0.103798126951093,0.0710197710718002,0.0841311134235172,"Build / monitor",2
"Mozambique",2026,0.230421677315708,0.223471042526791,0.237579417180642,-0.374450162457759,-1.19553879396935,0.417875630584208,7.23239055102267,7.23239055102267,7.23239055102267,0.224553285355685,0.218229512103481,0.231061390704442,0.00586839196002337,0.00511778910271781,0.00667849560579619,0.974548409606879,0.971726797579503,0.977251437262438,0.000790676669639767,0.000691528910515196,0.000897487338780174,-0.000103739394389668,-0.000117084992986742,-9.12769899130146e-05,2000,26.3744501624578,"Decelerating",0.00586839196002337,0.0254515903931207,0.290322580645161,0.274193548387097,0.290322580645161,0.0796045785639958,0.0842872008324662,0.082414151925078,"Build / monitor",2
"Kenya",2026,0.412878530000999,0.408327177466437,0.417408400775168,-4.48626927296578,-4.92614236098983,-4.0471722141175,7.23239055102267,7.23239055102267,7.23239055102267,0.40686609539319,0.402599361774731,0.411088875788725,0.00601243460780954,0.00561208831976645,0.00642624362219567,0.985439371156714,0.984549281351326,0.986293190189261,0.000819203128783491,0.000765331548321024,0.000874861308849516,-0.000109966675862229,-0.00011722204187664,-0.000102914668295753,1996,30.4862692729657,"Decelerating",0.00601243460780954,0.0145606288432857,0.306451612903226,0.290322580645161,0.225806451612903,0.0889698231009365,0.0691987513007284,0.0771071800208117,"Build / monitor",2
"Angola",2026,0.146503510560834,0.135955536956422,0.157334152651608,1.60841872378334,-6.21460697645996,6.09102202733623,7.23239055102267,7.23239055102267,7.23239055102267,0.141187482497121,0.134068383014497,0.14832323737398,0.00531602806371324,0.00157871288692897,0.00937056487225009,0.964128013375574,0.940068587001104,0.988504219321681,0.000705334349007741,0.000215795458533683,0.00121736811171705,-8.96710191226701e-05,-0.000148190461112967,-2.91571263911308e-05,2002,24.3915812762166,"Decelerating",0.00531602806371324,0.035871986624426,0.258064516129032,0.241935483870968,0.306451612903226,0.0624349635796046,0.0790842872008325,0.0724245577523413,"Build / monitor",2
"Chad",2026,0.0658100619693086,0.0574568009622605,0.0759503640706428,8.14157908496382,6.15158678503158,10.2685770087745,5.89839714361468,5.89839714361468,5.89839714361468,0.0626926645048721,0.0554479582816829,0.0711742992031049,0.00311739746443655,0.00193316056741144,0.004875922932091,0.953161949101955,0.935055173065146,0.966594290317898,0.000502722827876659,0.000316738818132588,0.000772513544128704,-7.69244739775104e-05,-0.000114002583944094,-5.02014905268346e-05,2008,17.8584209150363,"Decelerating",0.00311739746443655,0.0468380508980447,0.225806451612903,0.209677419354839,0.387096774193548,0.0473465140478668,0.0874089490114464,0.0713839750260146,"Build / monitor",2
"Pakistan",2026,0.270170008713981,0.262888642829073,0.277571634126225,-3.46453417497142,-4.46431705929938,-2.4840780747679,7.64655240013642,7.64655240013642,7.64655240013642,0.264543610330049,0.257869177394137,0.271218687320939,0.00562639838393164,0.00482830895790049,0.0065160072788801,0.979188418624687,0.976456666504528,0.98173005733856,0.000720420679637235,0.000619903274648909,0.000832087955539298,-9.02748418321444e-05,-0.000103694598629168,-7.80903638848726e-05,1997,29.4645341749715,"Decelerating",0.00562639838393164,0.0208115813753135,0.274193548387097,0.258064516129032,0.241935483870968,0.0707596253902185,0.0663371488033299,0.0681061394380853,"Build / monitor",2
"Bangladesh",2026,0.514459384914894,0.510341900966738,0.518551795408315,-11.1061597465583,-11.6541566808772,-10.5732069240742,7.64655240013642,7.64655240013642,7.64655240013642,0.5104709176501,0.506601891542334,0.514336038047849,0.00398846726479394,0.00368973847309377,0.00429554044300301,0.992248049524859,0.991698368096557,0.992784851601635,0.000517554340797336,0.000479049315774675,0.000557114398768202,-6.66338578245708e-05,-7.16527679727779e-05,-6.17437500253284e-05,1989,37.1061597465582,"Decelerating",0.00398846726479394,0.00775195047514099,0.241935483870968,0.225806451612903,0.161290322580645,0.054630593132154,0.0390218522372529,0.0452653485952133,"Build / monitor",2
"Congo Democratic Republic",2026,0.101508904745192,0.0975083499233797,0.105593526310376,3.70141721301716,2.16858351292666,5.09003303847079,5.89839714361468,5.89839714361468,5.89839714361468,0.0992240748096005,0.0957120895410115,0.102787066813388,0.00228482993559141,0.00169855590126885,0.00294440377370144,0.977533129396301,0.971942080174555,0.982712293713233,0.00037851714538018,0.000282800674043055,0.000485250511763999,-6.12424472663813e-05,-7.76350240351938e-05,-4.63112303417267e-05,2004,22.2985827869829,"Decelerating",0.00228482993559141,0.0224668706036991,0.193548387096774,0.17741935483871,0.258064516129032,0.0343392299687825,0.0499479708636837,0.0437044745057232,"Maintain / equity",3
"Yemen",2026,0.29658947998621,0.287912937002627,0.305373580965621,-0.992966144810393,-1.82305587433566,-0.18500567221029,5.5853091541028,5.5853091541028,5.5853091541028,0.294238191338307,0.285809528783974,0.302730797297367,0.00235128864790235,0.00198806720869669,0.00275952856373027,0.992077230426732,0.990880624235247,0.993182834852429,0.000417621242032721,0.00035350665712599,0.00048955703294345,-7.35792461405774e-05,-8.60474051425615e-05,-6.24329834861944e-05,1999,26.9929661448105,"Decelerating",0.00235128864790235,0.00792276957326776,0.209677419354839,0.193548387096774,0.17741935483871,0.040582726326743,0.0372008324661811,0.0385535900104058,"Maintain / equity",3
"Cameroon",2026,0.175409351680846,0.170200554051211,0.180635125400476,-2.31715828253716,-3.1398292704832,-1.52317196581939,5.89839714361468,5.89839714361468,5.89839714361468,0.173974283516182,0.168928913480119,0.179018017415037,0.0014350681646637,0.00121786058559286,0.00167098375058566,0.991824541277985,0.990679844200068,0.992898315489966,0.000241297918279754,0.000204996795206777,0.000280647087875926,-4.02364933889683e-05,-4.66909304378347e-05,-3.42569589072551e-05,1998,28.3171582825371,"Decelerating",0.0014350681646637,0.00817545872201531,0.145161290322581,0.129032258064516,0.193548387096774,0.0187304890738814,0.0280957336108221,0.0243496357960458,"Maintain / equity",3
"Zimbabwe",2026,0.443882295469354,0.436999338673929,0.45104795536906,-13.2043158398632,-14.0172913567853,-12.4160109347573,7.23239055102267,7.23239055102267,7.23239055102267,0.441923411482058,0.435182973979518,0.448898874549652,0.00195888398729642,0.00172431811710991,0.00220610179314462,0.995588340948627,0.995090499902027,0.996061721785994,0.000269649719546711,0.000237482785852823,0.000303541227135597,-3.69535208624434e-05,-4.1559170077933e-05,-3.25789276266805e-05,1987,39.2043158398633,"Decelerating",0.00195888398729642,0.00441165905137331,0.17741935483871,0.161290322580645,0.112903225806452,0.0286160249739854,0.0200312174817898,0.0234651404786681,"Maintain / equity",3
"Nepal",2026,0.344170600761402,0.339096347095632,0.349293179425695,-14.6042302322916,-16.0864326234167,-13.2729128414192,7.64655240013642,7.64655240013642,7.64655240013642,0.342470292605036,0.337644438544978,0.347376844017549,0.00170030815636627,0.00138223873340634,0.00203214365534126,0.995062042341092,0.994153385518528,0.995945943173505,0.000221254846560973,0.00018002272931646,0.000264202506386183,-2.86469285284607e-05,-3.41469486369762e-05,-2.33493162959544e-05,1985,40.6042302322917,"Decelerating",0.00170030815636627,0.00493795765890759,0.129032258064516,0.145161290322581,0.145161290322581,0.0187304890738814,0.0187304890738814,0.0187304890738814,"Maintain / equity",3
"India",2026,0.399878111632523,0.399020188906278,0.400736853046516,-21.5391697404004,-22.0656049417296,-21.0285254687473,7.64655240013642,7.64655240013642,7.64655240013642,0.399081424696361,0.398249863875661,0.399917121704627,0.000796686936162586,0.000742597395720791,0.000852175652497288,0.998007713584573,0.997871679247169,0.998141116203443,0.000103981212784111,9.69347806884061e-05,0.000111208600168878,-1.35441945130664e-05,-1.44817896828303e-05,-1.2629792488252e-05,1978,47.5391697404004,"Decelerating",0.000796686936162586,0.00199228641542748,0.112903225806452,0.112903225806452,0.0967741935483871,0.0127471383975026,0.0109261186264308,0.0116545265348595,"Maintain / equity",3
"Comoros",2026,0.101012418535914,0.0911235309636631,0.111556231723772,-14.0517361539067,-25.2890875018406,-8.47528098525298,7.23239055102267,7.23239055102267,7.23239055102267,0.100556895238676,0.0909694353884559,0.110601279186984,0.000455523297238152,7.67512665967692e-05,0.000912875250768605,0.995564116905114,0.991564116618677,0.999168611153032,6.26483904470857e-05,1.06036102827867e-05,0.000125141115985049,-8.5700044033787e-06,-1.70069631228865e-05,-1.46376634769228e-06,1986,40.0517361539066,"Decelerating",0.000455523297238152,0.00443588309488585,0.0806451612903226,0.0967741935483871,0.129032258064516,0.00780437044745057,0.0104058272632674,0.00936524453694069,"Maintain / equity",3
"Egypt",2026,0.540920436616988,0.536905296527581,0.544944835921699,-13.941261208978,-14.3047102435591,-13.6009766274338,5.5853091541028,5.5853091541028,5.5853091541028,0.540496454630343,0.536509473897945,0.544504974912972,0.000423981986644244,0.000395367605976252,0.000452318085174849,0.999216242050473,0.999167465623044,0.999265950971286,7.58506499853249e-05,7.0735068002835e-05,8.09161635983017e-05,-1.35590748711826e-05,-1.44632156581528e-05,-1.26458825068492e-05,1986,39.9412612089779,"Decelerating",0.000423981986644244,0.000783757949526676,0.0967741935483871,0.0806451612903226,0.0806451612903226,0.00780437044745057,0.00780437044745057,0.00780437044745057,"Maintain / equity",3
"Jordan",2026,0.384615056891507,0.380741374937505,0.38841419490442,-15.066929609026,-15.8459053734175,-14.349584639282,5.5853091541028,5.5853091541028,5.5853091541028,0.384368119646926,0.380495832957132,0.388156435255062,0.000246937244580556,0.000213329269764245,0.000281665133651111,0.999358060167726,0.999271820680481,0.999442860558513,4.41834050150464e-05,3.81732992123226e-05,5.039259018565e-05,-7.90044197620716e-06,-9.00908835627456e-06,-6.82692726821159e-06,1985,41.0669296090259,"Decelerating",0.000246937244580556,0.000641939832273564,0.0645161290322581,0.0645161290322581,0.0645161290322581,0.00416233090530697,0.00416233090530697,0.00416233090530697,"Maintain / equity",3
"South Africa",2026,0.491951726498,0.484943826146538,0.49936501918855,-31.9442674232625,-33.8472638775228,-28.17289672111,7.23239055102267,7.23239055102267,7.23239055102267,0.491784596872812,0.484790657073304,0.499149909811401,0.000167129625187911,0.000125012449776694,0.000275952003876591,0.999660461877207,0.999441845720812,0.999745229806995,2.31001791997062e-05,1.72806484244156e-05,3.81337093726855e-05,-3.19169211441045e-06,-5.26673888456906e-06,-2.38811597389804e-06,1968,57.9442674232625,"Decelerating",0.000167129625187911,0.000339538122792526,0.0483870967741935,0.0483870967741935,0.032258064516129,0.00234131113423517,0.00156087408949011,0.00187304890738814,"Maintain / equity",3
"Maldives",2026,0.178009439035723,0.171822251546795,0.184231021637408,-31.5869424077327,-33.8610343772588,-26.4380915260524,7.64655240013642,7.64655240013642,7.64655240013642,0.177910328643666,0.171733238022591,0.184143857826813,9.91103920572827e-05,7.05374446712696e-05,0.000186511031994315,0.99944342516093,0.998949820077449,0.999601936094996,1.2953506847674e-05,9.22107318550068e-06,2.43659433495738e-05,-1.69195668310171e-06,-3.1798441190402e-06,-1.20495426139605e-06,1968,57.5869424077327,"Decelerating",9.91103920572827e-05,0.000556574839070012,0.032258064516129,0.032258064516129,0.0483870967741935,0.00104058272632674,0.00156087408949011,0.00135275754422477,"Maintain / equity",3
"Morocco",2026,0.275112321363363,0.267632072819531,0.282773013703624,-21.7981423974518,-24.1633302083137,-19.9311534256064,5.5853091541028,5.5853091541028,5.5853091541028,0.275058457215666,0.26758712095737,0.282703818939313,5.38641476969421e-05,3.39799544009339e-05,7.53457111410838e-05,0.99980459358204,0.999731814946928,0.999874276371709,9.6419451694786e-06,6.08304800713185e-06,1.34863676033538e-05,-1.72560578473332e-06,-2.41332100494302e-06,-1.08884323786901e-06,1978,47.7981423974518,"Decelerating",5.38641476969421e-05,0.000195406417959787,0.0161290322580645,0.0161290322580645,0.0161290322580645,0.000260145681581686,0.000260145681581686,0.000260145681581686,"Maintain / equity",3
"Gabon",2026,0.202786477284566,0.196898862675144,0.208670616817735,-27.9383274115454,-33.7216012112889,-17.1952584519834,5.89839714361468,5.89839714361468,5.89839714361468,0.202755140520176,0.196885457637636,0.208626116294591,3.13367643897881e-05,8.10980894866212e-06,0.000133971518536876,0.99984573417134,0.999340401683906,0.999959938549975,5.31086156414032e-06,1.37486291622126e-06,2.26983408734502e-05,-8.99747599039026e-07,-3.84318424643574e-06,-2.33072458686074e-07,1972,53.9383274115453,"Decelerating",3.13367643897881e-05,0.000154265828659628,0,0,0,0,0,0,"Maintain / equity",3
